"ID","NAME","POSITION1","POSITION2","PLAYER_TYPE","BID_VALUE","BID_YEARS","HAS_TO","BID_START_DATE","BID_WINNER","NBA_ID"
"1","A.J. Green","G",NULL,"UFA",NULL,NULL,NULL,NULL,NULL,"1631260"
"2","AJ Griffin","F",NULL,"UFA",NULL,NULL,NULL,NULL,NULL,"1631100"
"3","Aaron Gordon","F",NULL,"SIGNED",NULL,NULL,NULL,NULL,NULL,"203932"
"4","Aaron Holiday","G",NULL,"UFA",NULL,NULL,NULL,NULL,NULL,"1628988"
"5","Aaron Nesmith","G","F","UFA",NULL,NULL,NULL,NULL,NULL,"1630174"
"6","Aaron Wiggins","G",NULL,"UFA",NULL,NULL,NULL,NULL,NULL,"1630598"
"7","Admiral Schofield","F",NULL,"UFA",NULL,NULL,NULL,NULL,NULL,"1629678"
"8","Al Horford","C","F","UFA",NULL,NULL,NULL,NULL,NULL,"201143"
"9","Alec Burks","G",NULL,"UFA",NULL,NULL,NULL,NULL,NULL,"202692"
"10","Alekesej Pokusevski","F",NULL,"UFA",NULL,NULL,NULL,NULL,NULL,"1630197"
"11","Alex Caruso","G",NULL,"UFA",NULL,NULL,NULL,NULL,NULL,"1627936"
"12","Alex Len","C",NULL,"UFA",NULL,NULL,NULL,NULL,NULL,"203458"
"13","Alondes Williams","G",NULL,"UFA",NULL,NULL,NULL,NULL,NULL,"1631214"
"14","Alperen Sengun","C",NULL,"UFA",NULL,NULL,NULL,NULL,NULL,"1630578"
"15","Amir Coffey","G","F","UFA",NULL,NULL,NULL,NULL,NULL,"1629599"
"16","Andre Drummond","C",NULL,"UFA",NULL,NULL,NULL,NULL,NULL,"203083"
"17","Andre Iguodala","G","F","UFA",NULL,NULL,NULL,NULL,NULL,"2738"
"18","Andrew Nembhard","G","F","UFA",NULL,NULL,NULL,NULL,NULL,"1629614"
"19","Andrew Wiggins","F",NULL,"UFA",NULL,NULL,NULL,NULL,NULL,"203952"
"20","Anfernee Simons","G",NULL,"UFA",NULL,NULL,NULL,NULL,NULL,"1629014"
"21","Anthony Davis","F","C","UFA",NULL,NULL,NULL,NULL,NULL,"203076"
"22","Anthony Edwards","G",NULL,"UFA",NULL,NULL,NULL,NULL,NULL,"1630162"
"23","Anthony Gill","F",NULL,"UFA",NULL,NULL,NULL,NULL,NULL,"1630264"
"24","Anthony Lamb","F",NULL,"UFA",NULL,NULL,NULL,NULL,NULL,"1630237"
"25","Armoni Brooks","G",NULL,"UFA",NULL,NULL,NULL,NULL,NULL,"1629717"
"26","Arnoldas Kulboka","F",NULL,"UFA",NULL,NULL,NULL,NULL,NULL,"1629083"
"27","Austin Reaves","G",NULL,"UFA",NULL,NULL,NULL,NULL,NULL,"1630559"
"28","Austin Rivers","G",NULL,"UFA",NULL,NULL,NULL,NULL,NULL,"203085"
"29","Avery Bradley","G",NULL,"UFA",NULL,NULL,NULL,NULL,NULL,"202340"
"30","Ayo Dosunmu","G",NULL,"UFA",NULL,NULL,NULL,NULL,NULL,"1630245"
"31","Bam Adebayo","C","F","UFA",NULL,NULL,NULL,NULL,NULL,"1628389"
"32","Ben McLemore","G",NULL,"UFA",NULL,NULL,NULL,NULL,NULL,"203463"
"33","Ben Simmons","G","F","UFA",NULL,NULL,NULL,NULL,NULL,"1627732"
"34","Bennedict Mathurin","G","F","UFA",NULL,NULL,NULL,NULL,NULL,"1631097"
"35","Bismack Biyombo","C",NULL,"UFA",NULL,NULL,NULL,NULL,NULL,"202687"
"36","Blake Griffin","F",NULL,"UFA",NULL,NULL,NULL,NULL,NULL,"201933"
"37","Blake Wesley","G",NULL,"UFA",NULL,NULL,NULL,NULL,NULL,"1631104"
"38","Boban Marjanovic","C",NULL,"UFA",NULL,NULL,NULL,NULL,NULL,"1626246"
"39","Bobby Portis","F",NULL,"UFA",NULL,NULL,NULL,NULL,NULL,"1626171"
"40","Bogdan Bogdanovic","G",NULL,"UFA",NULL,NULL,NULL,NULL,NULL,"203992"
"41","Bojan Bogdanovic","F",NULL,"UFA",NULL,NULL,NULL,NULL,NULL,"202711"
"42","Bol Bol","C","F","UFA",NULL,NULL,NULL,NULL,NULL,"1629626"
"43","Bones Hyland","G",NULL,"UFA",NULL,NULL,NULL,NULL,NULL,"1630538"
"44","Bradley Beal","G",NULL,"UFA",NULL,NULL,NULL,NULL,NULL,"203078"
"45","Brandon Boston","G",NULL,"UFA",NULL,NULL,NULL,NULL,NULL,"1630527"
"46","Brandon Clarke","F",NULL,"UFA",NULL,NULL,NULL,NULL,NULL,"1629634"
"47","Brandon Goodwin","G",NULL,"UFA",NULL,NULL,NULL,NULL,NULL,"1629164"
"48","Brandon Ingram","F",NULL,"UFA",NULL,NULL,NULL,NULL,NULL,"1627742"
"49","Brandon Williams","G",NULL,"UFA",NULL,NULL,NULL,NULL,NULL,"1630314"
"50","Braxton Key","F",NULL,"UFA",NULL,NULL,NULL,NULL,NULL,"1630296"
"51","Brodric Thomas","G",NULL,"UFA",NULL,NULL,NULL,NULL,NULL,"1630271"
"52","Brook Lopez","C",NULL,"UFA",NULL,NULL,NULL,NULL,NULL,"201572"
"53","Bruce Brown","G","F","UFA",NULL,NULL,NULL,NULL,NULL,"1628971"
"54","Bruno Fernando","F","C","UFA",NULL,NULL,NULL,NULL,NULL,"1628981"
"55","Bryce McGowens","G",NULL,"UFA",NULL,NULL,NULL,NULL,NULL,"1631121"
"56","Bryn Forbes","G",NULL,"UFA",NULL,NULL,NULL,NULL,NULL,"1627854"
"57","Buddy Boeheim","F",NULL,"UFA",NULL,NULL,NULL,NULL,NULL,"1631205"
"58","Buddy Hield","G",NULL,"UFA",NULL,NULL,NULL,NULL,NULL,"1627741"
"59","CJ Elleby","F","G","UFA",NULL,NULL,NULL,NULL,NULL,"1629604"
"60","CJ McCollum","G",NULL,"UFA",NULL,NULL,NULL,NULL,NULL,"203468"
"61","Cade Cunningham","G",NULL,"UFA",NULL,NULL,NULL,NULL,NULL,"1630595"
"62","Caleb Houstan","G",NULL,"UFA",NULL,NULL,NULL,NULL,NULL,"1631216"
"63","Caleb Martin","F",NULL,"UFA",NULL,NULL,NULL,NULL,NULL,"1628997"
"64","Cam Reddish","F","G","UFA",NULL,NULL,NULL,NULL,NULL,"1629629"
"65","Cam Thomas","G",NULL,"UFA",NULL,NULL,NULL,NULL,NULL,"1630560"
"66","Cameron Johnson","F",NULL,"UFA",NULL,NULL,NULL,NULL,NULL,"1629661"
"67","Cameron Payne","G",NULL,"UFA",NULL,NULL,NULL,NULL,NULL,"1626166"
"68","Caris LeVert","G",NULL,"UFA",NULL,NULL,NULL,NULL,NULL,"1627747"
"69","Carmelo Anthony","F",NULL,"UFA",NULL,NULL,NULL,NULL,NULL,"2546"
"70","Carsen Edwards","G",NULL,"UFA",NULL,NULL,NULL,NULL,NULL,"1629035"
"71","Cassius Winston","G",NULL,"UFA",NULL,NULL,NULL,NULL,NULL,"1630216"
"72","Cedi Osman","F",NULL,"UFA",NULL,NULL,NULL,NULL,NULL,"1626224"
"73","Charles Bassey","C","F","UFA",NULL,NULL,NULL,NULL,NULL,"1629646"
"74","Charlie Brown Jr.","G",NULL,"UFA",NULL,NULL,NULL,NULL,NULL,"1629718"
"75","Chaundee Brown Jr.","F",NULL,"UFA",NULL,NULL,NULL,NULL,NULL,"1630602"
"76","Chet Holmgren","C","F","UFA",NULL,NULL,NULL,NULL,NULL,"1631096"
"77","Chimezie Metu","F","C","UFA",NULL,NULL,NULL,NULL,NULL,"1629002"
"78","Chris Boucher","F","C","UFA",NULL,NULL,NULL,NULL,NULL,"1628449"
"79","Chris Chiozza","G",NULL,"UFA",NULL,NULL,NULL,NULL,NULL,"1629185"
"80","Chris Duarte","G",NULL,"UFA",NULL,NULL,NULL,NULL,NULL,"1630537"
"81","Chris Paul","G",NULL,"UFA",NULL,NULL,NULL,NULL,NULL,"101108"
"82","Christian Braun","G",NULL,"UFA",NULL,NULL,NULL,NULL,NULL,"1631128"
"83","Christian Koloko","C",NULL,"UFA",NULL,NULL,NULL,NULL,NULL,"1631132"
"84","Christian Wood","F",NULL,"UFA",NULL,NULL,NULL,NULL,NULL,"1626174"
"85","Chuma Okeke","F",NULL,"UFA",NULL,NULL,NULL,NULL,NULL,"1629643"
"86","Clint Capela","C",NULL,"UFA",NULL,NULL,NULL,NULL,NULL,"203991"
"87","Coby White","G",NULL,"UFA",NULL,NULL,NULL,NULL,NULL,"1629632"
"88","Cody Martin","F",NULL,"UFA",NULL,NULL,NULL,NULL,NULL,"1628998"
"89","Cole Anthony","G",NULL,"UFA",NULL,NULL,NULL,NULL,NULL,"1630175"
"90","Cole Swider","F",NULL,"UFA",NULL,NULL,NULL,NULL,NULL,"1631306"
"91","Collin Gillespie","G",NULL,"UFA",NULL,NULL,NULL,NULL,NULL,"1631221"
"92","Collin Sexton","G",NULL,"UFA",NULL,NULL,NULL,NULL,NULL,"1629012"
"93","Corey Kispert","F",NULL,"UFA",NULL,NULL,NULL,NULL,NULL,"1630557"
"94","Cory Joseph","G",NULL,"UFA",NULL,NULL,NULL,NULL,NULL,"202709"
"95","D'Angelo Russell","G",NULL,"UFA",NULL,NULL,NULL,NULL,NULL,"1626156"
"96","D.J. Augustin","G",NULL,"UFA",NULL,NULL,NULL,NULL,NULL,"201571"
"97","DJ Stewart","G",NULL,"UFA",NULL,NULL,NULL,NULL,NULL,"1630597"
"98","Daishen Nix","G",NULL,"UFA",NULL,NULL,NULL,NULL,NULL,"1630227"
"99","Dalano Banton","F",NULL,"UFA",NULL,NULL,NULL,NULL,NULL,"1630625"
"100","Dalen Terry","F",NULL,"UFA",NULL,NULL,NULL,NULL,NULL,"1631207"
"101","Damian Jones","C",NULL,"UFA",NULL,NULL,NULL,NULL,NULL,"1627745"
"102","Damian Lillard","G",NULL,"UFA",NULL,NULL,NULL,NULL,NULL,"203081"
"103","Damion Lee","G","F","UFA",NULL,NULL,NULL,NULL,NULL,"1627814"
"104","Daniel Gafford","F","C","UFA",NULL,NULL,NULL,NULL,NULL,"1629655"
"105","Daniel Theis","F","C","UFA",NULL,NULL,NULL,NULL,NULL,"1628464"
"106","Danilo Gallinari","F",NULL,"UFA",NULL,NULL,NULL,NULL,NULL,"201568"
"107","Danny Green","G",NULL,"SIGNED",NULL,NULL,NULL,NULL,NULL,"201980"
"108","Danuel House Jr.","F","G","UFA",NULL,NULL,NULL,NULL,NULL,"1627863"
"109","Dario Saric","F","C","UFA",NULL,NULL,NULL,NULL,NULL,"203967"
"110","Darius Bazley","F",NULL,"UFA",NULL,NULL,NULL,NULL,NULL,"1629647"
"111","Darius Garland","G",NULL,"UFA",NULL,NULL,NULL,NULL,NULL,"1629636"
"112","David Duke Jr.","G",NULL,"UFA",NULL,NULL,NULL,NULL,NULL,"1630561"
"113","David Johnson","G",NULL,"UFA",NULL,NULL,NULL,NULL,NULL,"1630525"
"114","David Nwaba","G","F","UFA",NULL,NULL,NULL,NULL,NULL,"1628021"
"115","David Roddy","F",NULL,"UFA",NULL,NULL,NULL,NULL,NULL,"1631223"
"116","Davion Mitchell","G",NULL,"UFA",NULL,NULL,NULL,NULL,NULL,"1630558"
"117","Davis Bertans","F",NULL,"UFA",NULL,NULL,NULL,NULL,NULL,"202722"
"118","Davon Reed","G",NULL,"UFA",NULL,NULL,NULL,NULL,NULL,"1628432"
"119","Day'Ron Sharpe","F",NULL,"UFA",NULL,NULL,NULL,NULL,NULL,"1630549"
"120","De'Aaron Fox","G",NULL,"UFA",NULL,NULL,NULL,NULL,NULL,"1628368"
"121","De'Andre Hunter","F","G","UFA",NULL,NULL,NULL,NULL,NULL,"1629631"
"122","De'Anthony Melton","G",NULL,"UFA",NULL,NULL,NULL,NULL,NULL,"1629001"
"123","DeAndre Jordan","C",NULL,"UFA",NULL,NULL,NULL,NULL,NULL,"201599"
"124","DeMar DeRozan","G","F","UFA",NULL,NULL,NULL,NULL,NULL,"201942"
"125","DeMarcus Cousins","C",NULL,"UFA",NULL,NULL,NULL,NULL,NULL,"202326"
"126","Dean Wade","F","C","UFA",NULL,NULL,NULL,NULL,NULL,"1629731"
"127","Deandre Ayton","C",NULL,"UFA",NULL,NULL,NULL,NULL,NULL,"1629028"
"128","Dejounte Murray","G",NULL,"UFA",NULL,NULL,NULL,NULL,NULL,"1627749"
"129","Delon Wright","G",NULL,"UFA",NULL,NULL,NULL,NULL,NULL,"1626153"
"130","Deni Avdija","F",NULL,"UFA",NULL,NULL,NULL,NULL,NULL,"1630166"
"131","Dennis Schroder","G",NULL,"UFA",NULL,NULL,NULL,NULL,NULL,"203471"
"132","Derrick Favors","F",NULL,"UFA",NULL,NULL,NULL,NULL,NULL,"202324"
"133","Derrick Jones Jr.","F",NULL,"UFA",NULL,NULL,NULL,NULL,NULL,"1627884"
"134","Derrick Rose","G",NULL,"UFA",NULL,NULL,NULL,NULL,NULL,"201565"
"135","Derrick White","G",NULL,"UFA",NULL,NULL,NULL,NULL,NULL,"1628401"
"136","Desmond Bane","G",NULL,"UFA",NULL,NULL,NULL,NULL,NULL,"1630217"
"137","Devin Booker","G",NULL,"UFA",NULL,NULL,NULL,NULL,NULL,"1626164"
"138","Devin Cannady","G",NULL,"UFA",NULL,NULL,NULL,NULL,NULL,"1629962"
"139","Devin Vassell","G","F","UFA",NULL,NULL,NULL,NULL,NULL,"1630170"
"140","Devontae Cacok","F",NULL,"UFA",NULL,NULL,NULL,NULL,NULL,"1629719"
"141","Devonte' Graham","G",NULL,"UFA",NULL,NULL,NULL,NULL,NULL,"1628984"
"142","Dewayne Dedmon","C",NULL,"UFA",NULL,NULL,NULL,NULL,NULL,"203473"
"143","Didi Louzada","G",NULL,"UFA",NULL,NULL,NULL,NULL,NULL,"1629712"
"144","Dillon Brooks","G","F","UFA",NULL,NULL,NULL,NULL,NULL,"1628415"
"145","Domantas Sabonis","F","C","UFA",NULL,NULL,NULL,NULL,NULL,"1627734"
"146","Donovan Mitchell","G",NULL,"UFA",NULL,NULL,NULL,NULL,NULL,"1628378"
"147","Dorian Finney-Smith","F",NULL,"UFA",NULL,NULL,NULL,NULL,NULL,"1627827"
"148","Doug McDermott","F",NULL,"UFA",NULL,NULL,NULL,NULL,NULL,"203926"
"149","Draymond Green","F",NULL,"UFA",NULL,NULL,NULL,NULL,NULL,"203110"
"150","Duane Washington Jr.","G",NULL,"UFA",NULL,NULL,NULL,NULL,NULL,"1630613"
"151","Duncan Robinson","F",NULL,"UFA",NULL,NULL,NULL,NULL,NULL,"1629130"
"152","Dwight Howard","C","F","UFA",NULL,NULL,NULL,NULL,NULL,"2730"
"153","Dwight Powell","F","C","UFA",NULL,NULL,NULL,NULL,NULL,"203939"
"154","Dylan Windler","G","F","UFA",NULL,NULL,NULL,NULL,NULL,"1629685"
"155","Dyson Daniels","G",NULL,"UFA",NULL,NULL,NULL,NULL,NULL,"1630700"
"156","E.J. Liddell","F",NULL,"UFA",NULL,NULL,NULL,NULL,NULL,"1630604"
"157","Ed Davis","C","F","UFA",NULL,NULL,NULL,NULL,NULL,"202334"
"158","Elfrid Payton","G",NULL,"UFA",NULL,NULL,NULL,NULL,NULL,"203901"
"159","Elijah Hughes","G",NULL,"UFA",NULL,NULL,NULL,NULL,NULL,"1630190"
"160","Eric Bledsoe","G",NULL,"UFA",NULL,NULL,NULL,NULL,NULL,"202339"
"161","Eric Gordon","G",NULL,"SIGNED",NULL,NULL,NULL,NULL,NULL,"201569"
"162","Eric Paschall","F",NULL,"UFA",NULL,NULL,NULL,NULL,NULL,"1629672"
"163","Eugene Omoruyi","F",NULL,"UFA",NULL,NULL,NULL,NULL,NULL,"1630647"
"164","Evan Fournier","G","F","UFA",NULL,NULL,NULL,NULL,NULL,"203095"
"165","Evan Mobley","C",NULL,"UFA",NULL,NULL,NULL,NULL,NULL,"1630596"
"166","Facundo Campazzo","G",NULL,"UFA",NULL,NULL,NULL,NULL,NULL,"1630267"
"167","Feron Hunt","F",NULL,"UFA",NULL,NULL,NULL,NULL,NULL,"1630624"
"168","Frank Jackson","G",NULL,"UFA",NULL,NULL,NULL,NULL,NULL,"1628402"
"169","Frank Ntilikina","G",NULL,"UFA",NULL,NULL,NULL,NULL,NULL,"1628373"
"170","Franz Wagner","F",NULL,"UFA",NULL,NULL,NULL,NULL,NULL,"1630532"
"171","Fred VanVleet","G",NULL,"UFA",NULL,NULL,NULL,NULL,NULL,"1627832"
"172","Furkan Korkmaz","G","F","UFA",NULL,NULL,NULL,NULL,NULL,"1627788"
"173","Gabe Vincent","G",NULL,"UFA",NULL,NULL,NULL,NULL,NULL,"1629216"
"174","Gabe York","G",NULL,"UFA",NULL,NULL,NULL,NULL,NULL,"1628221"
"175","Gabriel Lundberg","G",NULL,"UFA",NULL,NULL,NULL,NULL,NULL,"1630994"
"176","Gabriele Procida","G","F","UFA",NULL,NULL,NULL,NULL,NULL,"1630629"
"177","Garrett Temple","G","F","UFA",NULL,NULL,NULL,NULL,NULL,"202066"
"178","Garrison Mathews","G",NULL,"UFA",NULL,NULL,NULL,NULL,NULL,"1629726"
"179","Gary Clark","F",NULL,"UFA",NULL,NULL,NULL,NULL,NULL,"1629109"
"180","Gary Harris","G",NULL,"UFA",NULL,NULL,NULL,NULL,NULL,"203914"
"181","Gary Payton II","G",NULL,"UFA",NULL,NULL,NULL,NULL,NULL,"1627780"
"182","Gary Trent Jr.","G","F","UFA",NULL,NULL,NULL,NULL,NULL,"1629018"
"183","George Hill","G",NULL,"UFA",NULL,NULL,NULL,NULL,NULL,"201588"
"184","Georges Niang","F",NULL,"UFA",NULL,NULL,NULL,NULL,NULL,"1627777"
"185","Giannis Antetokounmpo","F",NULL,"UFA",NULL,NULL,NULL,NULL,NULL,"203507"
"186","Goga Bitadze","C","F","UFA",NULL,NULL,NULL,NULL,NULL,"1629048"
"187","Goran Dragic","G",NULL,"SIGNED",NULL,NULL,NULL,NULL,NULL,"201609"
"188","Gordon Hayward","F",NULL,"UFA",NULL,NULL,NULL,NULL,NULL,"202330"
"189","Gorgui Dieng","C",NULL,"UFA",NULL,NULL,NULL,NULL,NULL,"203476"
"190","Grant Williams","F",NULL,"UFA",NULL,NULL,NULL,NULL,NULL,"1629684"
"191","Grayson Allen","G",NULL,"UFA",NULL,NULL,NULL,NULL,NULL,"1628960"
"192","Greg Brown III","F",NULL,"UFA",NULL,NULL,NULL,NULL,NULL,"1630535"
"193","Greg Monroe","F","C","UFA",NULL,NULL,NULL,NULL,NULL,"202328"
"194","Gui Santos","G",NULL,"UFA",NULL,NULL,NULL,NULL,NULL,"1630611"
"195","Hamidou Diallo","G",NULL,"UFA",NULL,NULL,NULL,NULL,NULL,"1628977"
"196","Harrison Barnes","F",NULL,"UFA",NULL,NULL,NULL,NULL,NULL,"203084"
"197","Hassan Whiteside","C",NULL,"UFA",NULL,NULL,NULL,NULL,NULL,"202355"
"198","Haywood Highsmith","F",NULL,"SIGNED",NULL,NULL,NULL,NULL,NULL,"1629312"
"199","Herbert Jones","F",NULL,"UFA",NULL,NULL,NULL,NULL,NULL,"1630529"
"200","Hugo Besson","G",NULL,"UFA",NULL,NULL,NULL,NULL,NULL,"1630656"
"201","Ignas Brazdeikis","F",NULL,"UFA",NULL,NULL,NULL,NULL,NULL,"1629649"
"202","Immanuel Quickley","G",NULL,"UFA",NULL,NULL,NULL,NULL,NULL,"1630193"
"203","Isaac Bonga","G",NULL,"UFA",NULL,NULL,NULL,NULL,NULL,"1629067"
"204","Isaac Okoro","F","G","UFA",NULL,NULL,NULL,NULL,NULL,"1630171"
"205","Isaiah Hartenstein","C","F","UFA",NULL,NULL,NULL,NULL,NULL,"1628392"
"206","Isaiah Jackson","F",NULL,"UFA",NULL,NULL,NULL,NULL,NULL,"1630543"
"207","Isaiah Joe","G",NULL,"UFA",NULL,NULL,NULL,NULL,NULL,"1630198"
"208","Isaiah Livers","F",NULL,"UFA",NULL,NULL,NULL,NULL,NULL,"1630587"
"209","Isaiah Mobley","F",NULL,"UFA",NULL,NULL,NULL,NULL,NULL,"1630600"
"210","Isaiah Roby","F",NULL,"UFA",NULL,NULL,NULL,NULL,NULL,"1629676"
"211","Isaiah Stewart","F","C","UFA",NULL,NULL,NULL,NULL,NULL,"1630191"
"212","Isaiah Thomas","G",NULL,"UFA",NULL,NULL,NULL,NULL,NULL,"202738"
"213","Isaiah Todd","F",NULL,"UFA",NULL,NULL,NULL,NULL,NULL,"1630225"
"214","Ish Smith","G",NULL,"UFA",NULL,NULL,NULL,NULL,NULL,"202397"
"215","Ish Wainright","F",NULL,"UFA",NULL,NULL,NULL,NULL,NULL,"1630688"
"216","Ismael Kamagate","C",NULL,"UFA",NULL,NULL,NULL,NULL,NULL,"1631130"
"217","Ivica Zubac","C",NULL,"UFA",NULL,NULL,NULL,NULL,NULL,"1627826"
"218","JD Davison","G",NULL,"UFA",NULL,NULL,NULL,NULL,NULL,"1631120"
"219","JT Thor","F",NULL,"UFA",NULL,NULL,NULL,NULL,NULL,"1630550"
"220","Ja Morant","G",NULL,"UFA",NULL,NULL,NULL,NULL,NULL,"1629630"
"221","JaMychal Green","F","C","UFA",NULL,NULL,NULL,NULL,NULL,"203210"
"222","JaVale McGee","C","F","UFA",NULL,NULL,NULL,NULL,NULL,"201580"
"223","Jabari Smith II","F",NULL,"UFA",NULL,NULL,NULL,NULL,NULL,"1631095"
"224","Jabari Walker","F",NULL,"UFA",NULL,NULL,NULL,NULL,NULL,"1631133"
"225","Jaden Hardy","G",NULL,"UFA",NULL,NULL,NULL,NULL,NULL,"1630702"
"226","Jaden Ivey","G",NULL,"UFA",NULL,NULL,NULL,NULL,NULL,"1631093"
"227","Jaden McDaniels","F",NULL,"UFA",NULL,NULL,NULL,NULL,NULL,"1630183"
"228","Jaden Springer","G",NULL,"UFA",NULL,NULL,NULL,NULL,NULL,"1630531"
"229","Jae Crowder","F",NULL,"UFA",NULL,NULL,NULL,NULL,NULL,"203109"
"230","Jae'Sean Tate","F",NULL,"UFA",NULL,NULL,NULL,NULL,NULL,"1630256"
"231","Jake LaRavia","F",NULL,"UFA",NULL,NULL,NULL,NULL,NULL,"1631222"
"232","Jake Layman","F",NULL,"UFA",NULL,NULL,NULL,NULL,NULL,"1627774"
"233","Jakob Poeltl","C",NULL,"UFA",NULL,NULL,NULL,NULL,NULL,"1627751"
"234","Jalen Brunson","G",NULL,"UFA",NULL,NULL,NULL,NULL,NULL,"1628973"
"235","Jalen Duren","C",NULL,"UFA",NULL,NULL,NULL,NULL,NULL,"1631105"
"236","Jalen Green","G",NULL,"UFA",NULL,NULL,NULL,NULL,NULL,"1630224"
"237","Jalen Johnson","F",NULL,"UFA",NULL,NULL,NULL,NULL,NULL,"1630552"
"238","Jalen McDaniels","F","C","UFA",NULL,NULL,NULL,NULL,NULL,"1629667"
"239","Jalen Smith","F","C","UFA",NULL,NULL,NULL,NULL,NULL,"1630188"
"240","Jalen Suggs","G",NULL,"UFA",NULL,NULL,NULL,NULL,NULL,"1630591"
"241","Jalen Williams","G","F","UFA",NULL,NULL,NULL,NULL,NULL,"1631114"
"242","Jamal Murray","G",NULL,"UFA",NULL,NULL,NULL,NULL,NULL,"1627750"
"243","James Bouknight","G",NULL,"UFA",NULL,NULL,NULL,NULL,NULL,"1630547"
"244","James Harden","G",NULL,"UFA",NULL,NULL,NULL,NULL,NULL,"201935"
"245","James Wiseman","C",NULL,"UFA",NULL,NULL,NULL,NULL,NULL,"1630164"
"246","Jamorko Pickett","F",NULL,"UFA",NULL,NULL,NULL,NULL,NULL,"1630691"
"247","Jared Butler","G",NULL,"UFA",NULL,NULL,NULL,NULL,NULL,"1630215"
"248","Jared Harper","G",NULL,"UFA",NULL,NULL,NULL,NULL,NULL,"1629607"
"249","Jaren Jackson Jr.","F","C","UFA",NULL,NULL,NULL,NULL,NULL,"1628991"
"250","Jarred Vanderbilt","F",NULL,"UFA",NULL,NULL,NULL,NULL,NULL,"1629020"
"251","Jarrett Allen","C",NULL,"UFA",NULL,NULL,NULL,NULL,NULL,"1628386"
"252","Jarrett Culver","G","F","UFA",NULL,NULL,NULL,NULL,NULL,"1629633"
"253","Jason Preston","G",NULL,"UFA",NULL,NULL,NULL,NULL,NULL,"1630554"
"254","Javonte Green","G","F","UFA",NULL,NULL,NULL,NULL,NULL,"1629750"
"255","Javonte Smart","G",NULL,"SIGNED",NULL,NULL,NULL,NULL,NULL,"1630606"
"256","Jaxson Hayes","C","F","UFA",NULL,NULL,NULL,NULL,NULL,"1629637"
"257","Jay Scrubb","G",NULL,"UFA",NULL,NULL,NULL,NULL,NULL,"1630206"
"258","Jaylen Brown","G","F","UFA",NULL,NULL,NULL,NULL,NULL,"1627759"
"259","Jaylen Nowell","G",NULL,"UFA",NULL,NULL,NULL,NULL,NULL,"1629669"
"260","Jaylin Williams","F",NULL,"UFA",NULL,NULL,NULL,NULL,NULL,"1631119"
"261","Jayson Tatum","F","G","UFA",NULL,NULL,NULL,NULL,NULL,"1628369"
"262","Jeff Green","F",NULL,"UFA",NULL,NULL,NULL,NULL,NULL,"201145"
"263","Jerami Grant","F",NULL,"UFA",NULL,NULL,NULL,NULL,NULL,"203924"
"264","Jeremiah Robinson-Earl","F",NULL,"UFA",NULL,NULL,NULL,NULL,NULL,"1630526"
"265","Jeremy Lamb","G","F","UFA",NULL,NULL,NULL,NULL,NULL,"203087"
"266","Jeremy Sochan","F",NULL,"UFA",NULL,NULL,NULL,NULL,NULL,"1631110"
"267","Jericho Sims","C",NULL,"UFA",NULL,NULL,NULL,NULL,NULL,"1630579"
"268","Jevon Carter","G",NULL,"UFA",NULL,NULL,NULL,NULL,NULL,"1628975"
"269","Jimmy Butler","F",NULL,"UFA",NULL,NULL,NULL,NULL,NULL,"202710"
"270","Jock Landale","C",NULL,"UFA",NULL,NULL,NULL,NULL,NULL,"1629111"
"271","Joe Harris","G","F","UFA",NULL,NULL,NULL,NULL,NULL,"203925"
"272","Joe Ingles","F","G","UFA",NULL,NULL,NULL,NULL,NULL,"204060"
"273","Joe Wieskamp","G","F","UFA",NULL,NULL,NULL,NULL,NULL,"1630580"
"274","Joel Embiid","C","F","UFA",NULL,NULL,NULL,NULL,NULL,"203954"
"275","John Collins","F","C","UFA",NULL,NULL,NULL,NULL,NULL,"1628381"
"276","John Konchar","G",NULL,"UFA",NULL,NULL,NULL,NULL,NULL,"1629723"
"277","Johnny Davis","G",NULL,"UFA",NULL,NULL,NULL,NULL,NULL,"1631098"
"278","Jonas Valanciunas","C",NULL,"UFA",NULL,NULL,NULL,NULL,NULL,"202685"
"279","Jonathan Isaac","F",NULL,"UFA",NULL,NULL,NULL,NULL,NULL,"1628371"
"280","Jonathan Kuminga","F",NULL,"UFA",NULL,NULL,NULL,NULL,NULL,"1630228"
"281","Jordan Clarkson","G",NULL,"UFA",NULL,NULL,NULL,NULL,NULL,"203903"
"282","Jordan McLaughlin","G",NULL,"UFA",NULL,NULL,NULL,NULL,NULL,"1629162"
"283","Jordan Nwora","F",NULL,"UFA",NULL,NULL,NULL,NULL,NULL,"1629670"
"284","Jordan Poole","G",NULL,"UFA",NULL,NULL,NULL,NULL,NULL,"1629673"
"285","Jordan Schakel","G",NULL,"UFA",NULL,NULL,NULL,NULL,NULL,"1630648"
"286","Jose Alvarado","G",NULL,"UFA",NULL,NULL,NULL,NULL,NULL,"1630631"
"287","Josh Christopher","G",NULL,"UFA",NULL,NULL,NULL,NULL,NULL,"1630528"
"288","Josh Giddey","G",NULL,"UFA",NULL,NULL,NULL,NULL,NULL,"1630581"
"289","Josh Green","G",NULL,"UFA",NULL,NULL,NULL,NULL,NULL,"1630182"
"290","Josh Hart","G",NULL,"UFA",NULL,NULL,NULL,NULL,NULL,"1628404"
"291","Josh Jackson","G","F","UFA",NULL,NULL,NULL,NULL,NULL,"1628367"
"292","Josh Minott","F",NULL,"UFA",NULL,NULL,NULL,NULL,NULL,"1631169"
"293","Josh Okogie","G",NULL,"UFA",NULL,NULL,NULL,NULL,NULL,"1629006"
"294","Josh Richardson","G",NULL,"UFA",NULL,NULL,NULL,NULL,NULL,"1626196"
"295","Joshua Primo","G",NULL,"UFA",NULL,NULL,NULL,NULL,NULL,"1630563"
"296","Jrue Holiday","G",NULL,"UFA",NULL,NULL,NULL,NULL,NULL,"201950"
"297","Juan Toscano-Anderson","F",NULL,"UFA",NULL,NULL,NULL,NULL,NULL,"1629308"
"298","Julian Champagnie","F",NULL,"UFA",NULL,NULL,NULL,NULL,NULL,"1630577"
"299","Julius Randle","F","C","UFA",NULL,NULL,NULL,NULL,NULL,"203944"
"300","Justin Champagnie","G","F","UFA",NULL,NULL,NULL,NULL,NULL,"1630551"
"301","Justin Holiday","F","G","UFA",NULL,NULL,NULL,NULL,NULL,"203200"
"302","Justise Winslow","F","G","UFA",NULL,NULL,NULL,NULL,NULL,"1626159"
"303","Jusuf Nurkic","C",NULL,"UFA",NULL,NULL,NULL,NULL,NULL,"203994"
"304","Juwan Morgan","F",NULL,"UFA",NULL,NULL,NULL,NULL,NULL,"1629752"
"305","Kai Jones","C","F","UFA",NULL,NULL,NULL,NULL,NULL,"1630539"
"306","Karl-Anthony Towns","C","F","UFA",NULL,NULL,NULL,NULL,NULL,"1626157"
"307","Karlo Matkovic","F","C","UFA",NULL,NULL,NULL,NULL,NULL,"1631255"
"308","Kawhi Leonard","F",NULL,"UFA",NULL,NULL,NULL,NULL,NULL,"202695"
"309","Keegan Murray","F",NULL,"UFA",NULL,NULL,NULL,NULL,NULL,"1631099"
"310","Keita Bates-Diop","F",NULL,"UFA",NULL,NULL,NULL,NULL,NULL,"1628966"
"311","Keldon Johnson","F","G","UFA",NULL,NULL,NULL,NULL,NULL,"1629640"
"312","Keljin Blevins","G",NULL,"UFA",NULL,NULL,NULL,NULL,NULL,"1629833"
"313","Kelly Olynyk","F","C","UFA",NULL,NULL,NULL,NULL,NULL,"203482"
"314","Kelly Oubre Jr.","F","G","UFA",NULL,NULL,NULL,NULL,NULL,"1626162"
"315","Kemba Walker","G",NULL,"UFA",NULL,NULL,NULL,NULL,NULL,"202689"
"316","Kendall Brown","G",NULL,"UFA",NULL,NULL,NULL,NULL,NULL,"1631112"
"317","Kendrick Nunn","G",NULL,"UFA",NULL,NULL,NULL,NULL,NULL,"1629134"
"318","Kennedy Chandler","G",NULL,"UFA",NULL,NULL,NULL,NULL,NULL,"1631113"
"319","Kenneth Lofton Jr.","F",NULL,"UFA",NULL,NULL,NULL,NULL,NULL,"1631254"
"320","Kenrich Williams","G","F","UFA",NULL,NULL,NULL,NULL,NULL,"1629026"
"321","Kent Bazemore","G","F","UFA",NULL,NULL,NULL,NULL,NULL,"203145"
"322","Kentavious Caldwell-Pope","G",NULL,"UFA",NULL,NULL,NULL,NULL,NULL,"203484"
"323","Kenyon Martin Jr.","F",NULL,"UFA",NULL,NULL,NULL,NULL,NULL,"1630231"
"324","Keon Ellis","G",NULL,"UFA",NULL,NULL,NULL,NULL,NULL,"1631165"
"325","Keon Johnson","G",NULL,"UFA",NULL,NULL,NULL,NULL,NULL,"1630553"
"326","Kessler Edwards","F",NULL,"UFA",NULL,NULL,NULL,NULL,NULL,"1630556"
"327","Kevin Durant","F",NULL,"UFA",NULL,NULL,NULL,NULL,NULL,"201142"
"328","Kevin Huerter","G","F","UFA",NULL,NULL,NULL,NULL,NULL,"1628989"
"329","Kevin Knox II","F",NULL,"UFA",NULL,NULL,NULL,NULL,NULL,"1628995"
"330","Kevin Love","F","C","UFA",NULL,NULL,NULL,NULL,NULL,"201567"
"331","Kevin Porter Jr.","G","F","UFA",NULL,NULL,NULL,NULL,NULL,"1629645"
"332","Kevon Looney","F",NULL,"UFA",NULL,NULL,NULL,NULL,NULL,"1626172"
"333","Khalifa Diop","C",NULL,"UFA",NULL,NULL,NULL,NULL,NULL,"1631215"
"334","Khem Birch","C",NULL,"UFA",NULL,NULL,NULL,NULL,NULL,"203920"
"335","Khris Middleton","F",NULL,"UFA",NULL,NULL,NULL,NULL,NULL,"203114"
"336","Killian Hayes","G",NULL,"UFA",NULL,NULL,NULL,NULL,NULL,"1630165"
"337","Killian Tillie","F","C","UFA",NULL,NULL,NULL,NULL,NULL,"1629681"
"338","Kira Lewis Jr.","G",NULL,"UFA",NULL,NULL,NULL,NULL,NULL,"1630184"
"339","Klay Thompson","G",NULL,"UFA",NULL,NULL,NULL,NULL,NULL,"202691"
"340","Kristaps Porzingis","F","C","UFA",NULL,NULL,NULL,NULL,NULL,"204001"
"341","Kyle Anderson","F","G","UFA",NULL,NULL,NULL,NULL,NULL,"203937"
"342","Kyle Kuzma","F",NULL,"UFA",NULL,NULL,NULL,NULL,NULL,"1628398"
"343","Kyle Lowry","G",NULL,"UFA",NULL,NULL,NULL,NULL,NULL,"200768"
"344","Kyrie Irving","G",NULL,"UFA",NULL,NULL,NULL,NULL,NULL,"202681"
"345","LaMarcus Aldridge","C","F","UFA",NULL,NULL,NULL,NULL,NULL,"200746"
"346","LaMelo Ball","G",NULL,"UFA",NULL,NULL,NULL,NULL,NULL,"1630163"
"347","Lamar Stevens","F",NULL,"UFA",NULL,NULL,NULL,NULL,NULL,"1630205"
"348","Lance Stephenson","F",NULL,"UFA",NULL,NULL,NULL,NULL,NULL,"202362"
"349","Landry Shamet","G",NULL,"UFA",NULL,NULL,NULL,NULL,NULL,"1629013"
"350","Larry Nance Jr.","F","C","UFA",NULL,NULL,NULL,NULL,NULL,"1626204"
"351","Lauri Markkanen","F","C","UFA",NULL,NULL,NULL,NULL,NULL,"1628374"
"352","LeBron James","F",NULL,"UFA",NULL,NULL,NULL,NULL,NULL,"2544"
"353","Leandro Bolmaro","F",NULL,"UFA",NULL,NULL,NULL,NULL,NULL,"1630195"
"354","Lester Quinones","G",NULL,"UFA",NULL,NULL,NULL,NULL,NULL,"1631311"
"355","Lindell Wigginton","G",NULL,"UFA",NULL,NULL,NULL,NULL,NULL,"1629623"
"356","Lindy Waters III","F",NULL,"UFA",NULL,NULL,NULL,NULL,NULL,"1630322"
"357","Lonnie Walker IV","G","F","UFA",NULL,NULL,NULL,NULL,NULL,"1629022"
"358","Lonzo Ball","G",NULL,"UFA",NULL,NULL,NULL,NULL,NULL,"1628366"
"359","Lou Williams","G",NULL,"UFA",NULL,NULL,NULL,NULL,NULL,"101150"
"360","Luguentz Dort","G",NULL,"UFA",NULL,NULL,NULL,NULL,NULL,"1629652"
"361","Luka Doncic","F","G","UFA",NULL,NULL,NULL,NULL,NULL,"1629029"
"362","Luka Garza","C",NULL,"UFA",NULL,NULL,NULL,NULL,NULL,"1630568"
"363","Luke Kennard","G",NULL,"UFA",NULL,NULL,NULL,NULL,NULL,"1628379"
"364","Luke Kornet","C","F","UFA",NULL,NULL,NULL,NULL,NULL,"1628436"
"365","Luke Travers","F",NULL,"UFA",NULL,NULL,NULL,NULL,NULL,"1631247"
"366","Mac McClung","G",NULL,"UFA",NULL,NULL,NULL,NULL,NULL,"1630644"
"367","Malachi Flynn","G",NULL,"UFA",NULL,NULL,NULL,NULL,NULL,"1630201"
"368","Malaki Branham","F",NULL,"UFA",NULL,NULL,NULL,NULL,NULL,"1631103"
"369","Malcolm Brogdon","G",NULL,"UFA",NULL,NULL,NULL,NULL,NULL,"1627763"
"370","Malcolm Hill","F",NULL,"UFA",NULL,NULL,NULL,NULL,NULL,"1630792"
"371","Malik Beasley","G",NULL,"UFA",NULL,NULL,NULL,NULL,NULL,"1627736"
"372","Malik Fitts","F",NULL,"UFA",NULL,NULL,NULL,NULL,NULL,"1630238"
"373","Malik Monk","G",NULL,"UFA",NULL,NULL,NULL,NULL,NULL,"1628370"
"374","MarJon Beauchamp","F",NULL,"UFA",NULL,NULL,NULL,NULL,NULL,"1630699"
"375","Marcus Morris Sr.","F",NULL,"UFA",NULL,NULL,NULL,NULL,NULL,"202694"
"376","Marcus Smart","G",NULL,"UFA",NULL,NULL,NULL,NULL,NULL,"203935"
"377","Mark Williams","C",NULL,"UFA",NULL,NULL,NULL,NULL,NULL,"1631109"
"378","Markelle Fultz","G",NULL,"UFA",NULL,NULL,NULL,NULL,NULL,"1628365"
"379","Markieff Morris","F",NULL,"UFA",NULL,NULL,NULL,NULL,NULL,"202693"
"380","Marko Simonovic","C",NULL,"UFA",NULL,NULL,NULL,NULL,NULL,"1630250"
"381","Markus Howard","G",NULL,"UFA",NULL,NULL,NULL,NULL,NULL,"1630210"
"382","Marquese Chriss","F",NULL,"UFA",NULL,NULL,NULL,NULL,NULL,"1627737"
"383","Marvin Bagley III","F",NULL,"UFA",NULL,NULL,NULL,NULL,NULL,"1628963"
"384","Mason Jones","G",NULL,"UFA",NULL,NULL,NULL,NULL,NULL,"1630222"
"385","Mason Plumlee","F","C","UFA",NULL,NULL,NULL,NULL,NULL,"203486"
"386","Matisse Thybulle","G","F","UFA",NULL,NULL,NULL,NULL,NULL,"1629680"
"387","Matt Ryan","F",NULL,"UFA",NULL,NULL,NULL,NULL,NULL,"1630346"
"388","Matt Thomas","G",NULL,"UFA",NULL,NULL,NULL,NULL,NULL,"1629744"
"389","Matteo Spagnolo","G",NULL,"UFA",NULL,NULL,NULL,NULL,NULL,"1631164"
"390","Maurice Harkless","F","G","UFA",NULL,NULL,NULL,NULL,NULL,"203090"
"391","Max Christie","G",NULL,"UFA",NULL,NULL,NULL,NULL,NULL,"1631108"
"392","Max Strus","G","F","UFA",NULL,NULL,NULL,NULL,NULL,"1629622"
"393","Maxi Kleber","F",NULL,"UFA",NULL,NULL,NULL,NULL,NULL,"1628467"
"394","McKinley Wright IV","G",NULL,"UFA",NULL,NULL,NULL,NULL,NULL,"1630593"
"395","Michael Porter Jr.","F",NULL,"UFA",NULL,NULL,NULL,NULL,NULL,"1629008"
"396","Mikal Bridges","F",NULL,"UFA",NULL,NULL,NULL,NULL,NULL,"1628969"
"397","Mike Conley","G",NULL,"UFA",NULL,NULL,NULL,NULL,NULL,"201144"
"398","Mike Muscala","F","C","UFA",NULL,NULL,NULL,NULL,NULL,"203488"
"399","Miles Bridges","F",NULL,"UFA",NULL,NULL,NULL,NULL,NULL,"1628970"
"400","Miles McBride","G",NULL,"UFA",NULL,NULL,NULL,NULL,NULL,"1630540"
"401","Mitchell Robinson","C","F","UFA",NULL,NULL,NULL,NULL,NULL,"1629011"
"402","Mo Bamba","C",NULL,"UFA",NULL,NULL,NULL,NULL,NULL,"1628964"
"403","Monte Morris","G",NULL,"UFA",NULL,NULL,NULL,NULL,NULL,"1628420"
"404","Montrezl Harrell","F","C","UFA",NULL,NULL,NULL,NULL,NULL,"1626149"
"405","Moritz Wagner","F","C","UFA",NULL,NULL,NULL,NULL,NULL,"1629021"
"406","Moses Brown","C",NULL,"UFA",NULL,NULL,NULL,NULL,NULL,"1629650"
"407","Moses Moody","G",NULL,"UFA",NULL,NULL,NULL,NULL,NULL,"1630541"
"408","Moses Wright","F",NULL,"UFA",NULL,NULL,NULL,NULL,NULL,"1630589"
"409","Moussa Diabate","F",NULL,"UFA",NULL,NULL,NULL,NULL,NULL,"1631217"
"410","Mychal Mulder","G",NULL,"UFA",NULL,NULL,NULL,NULL,NULL,"1628539"
"411","Myles Powell","G",NULL,"UFA",NULL,NULL,NULL,NULL,NULL,"1629619"
"412","Myles Turner","C","F","UFA",NULL,NULL,NULL,NULL,NULL,"1626167"
"413","Naji Marshall","F",NULL,"UFA",NULL,NULL,NULL,NULL,NULL,"1630230"
"414","Nassir Little","F","G","UFA",NULL,NULL,NULL,NULL,NULL,"1629642"
"415","Nate Hinton","G","F","UFA",NULL,NULL,NULL,NULL,NULL,"1630207"
"416","Nathan Knight","F","C","UFA",NULL,NULL,NULL,NULL,NULL,"1630233"
"417","Naz Reid","C","F","UFA",NULL,NULL,NULL,NULL,NULL,"1629675"
"418","Neemias Queta","C",NULL,"UFA",NULL,NULL,NULL,NULL,NULL,"1629674"
"419","Nemanja Bjelica","F",NULL,"UFA",NULL,NULL,NULL,NULL,NULL,"202357"
"420","Nerlens Noel","C","F","UFA",NULL,NULL,NULL,NULL,NULL,"203457"
"421","Nic Claxton","F","C","UFA",NULL,NULL,NULL,NULL,NULL,"1629651"
"422","Nick Richards","C",NULL,"UFA",NULL,NULL,NULL,NULL,NULL,"1630208"
"423","Nickeil Alexander-Walker","G",NULL,"UFA",NULL,NULL,NULL,NULL,NULL,"1629638"
"424","Nicolas Batum","G","F","UFA",NULL,NULL,NULL,NULL,NULL,"201587"
"425","Nik Stauskas","G",NULL,"UFA",NULL,NULL,NULL,NULL,NULL,"203917"
"426","Nikola Jokic","C",NULL,"UFA",NULL,NULL,NULL,NULL,NULL,"203999"
"427","Nikola Jovic","F",NULL,"UFA",NULL,NULL,NULL,NULL,NULL,"1631107"
"428","Nikola Vucevic","C",NULL,"UFA",NULL,NULL,NULL,NULL,NULL,"202696"
"429","Norman Powell","G",NULL,"UFA",NULL,NULL,NULL,NULL,NULL,"1626181"
"430","OG Anunoby","F",NULL,"UFA",NULL,NULL,NULL,NULL,NULL,"1628384"
"431","Obi Toppin","F",NULL,"UFA",NULL,NULL,NULL,NULL,NULL,"1630167"
"432","Ochai Agbaji","G",NULL,"UFA",NULL,NULL,NULL,NULL,NULL,"1630534"
"433","Omer Yurtseven","C",NULL,"UFA",NULL,NULL,NULL,NULL,NULL,"1630209"
"434","Onyeka Okongwu","F","C","UFA",NULL,NULL,NULL,NULL,NULL,"1630168"
"435","Oshae Brissett","F","G","UFA",NULL,NULL,NULL,NULL,NULL,"1629052"
"436","Otto Porter Jr.","F",NULL,"UFA",NULL,NULL,NULL,NULL,NULL,"203490"
"437","Ousmane Dieng","F",NULL,"UFA",NULL,NULL,NULL,NULL,NULL,"1631172"
"438","P.J. Tucker","F",NULL,"UFA",NULL,NULL,NULL,NULL,NULL,"200782"
"439","P.J. Washington","F",NULL,"UFA",NULL,NULL,NULL,NULL,NULL,"1629023"
"440","Paolo Banchero","F",NULL,"UFA",NULL,NULL,NULL,NULL,NULL,"1631094"
"441","Pascal Siakam","F",NULL,"UFA",NULL,NULL,NULL,NULL,NULL,"1627783"
"442","Pat Connaughton","G",NULL,"UFA",NULL,NULL,NULL,NULL,NULL,"1626192"
"443","Patrick Baldwin Jr.","F",NULL,"UFA",NULL,NULL,NULL,NULL,NULL,"1631116"
"444","Patrick Beverley","G",NULL,"UFA",NULL,NULL,NULL,NULL,NULL,"201976"
"445","Patrick Williams","F",NULL,"UFA",NULL,NULL,NULL,NULL,NULL,"1630172"
"446","Patty Mills","G",NULL,"UFA",NULL,NULL,NULL,NULL,NULL,"201988"
"447","Paul George","F",NULL,"UFA",NULL,NULL,NULL,NULL,NULL,"202331"
"448","Paul Millsap","F",NULL,"UFA",NULL,NULL,NULL,NULL,NULL,"200794"
"449","Paul Reed","F",NULL,"UFA",NULL,NULL,NULL,NULL,NULL,"1630194"
"450","Payton Pritchard","G",NULL,"UFA",NULL,NULL,NULL,NULL,NULL,"1630202"
"451","Peyton Watson","G",NULL,"UFA",NULL,NULL,NULL,NULL,NULL,"1631212"
"452","Precious Achiuwa","F",NULL,"UFA",NULL,NULL,NULL,NULL,NULL,"1630173"
"453","Quentin Grimes","G",NULL,"UFA",NULL,NULL,NULL,NULL,NULL,"1629656"
"454","Quinndary Weatherspoon","G",NULL,"UFA",NULL,NULL,NULL,NULL,NULL,"1629683"
"455","R.J. Hampton","G",NULL,"UFA",NULL,NULL,NULL,NULL,NULL,"1630181"
"456","RJ Barrett","F","G","UFA",NULL,NULL,NULL,NULL,NULL,"1629628"
"457","RJ Nembhard Jr.","G",NULL,"UFA",NULL,NULL,NULL,NULL,NULL,"1630612"
"458","Rajon Rondo","G",NULL,"UFA",NULL,NULL,NULL,NULL,NULL,"200765"
"459","Raul Neto","G",NULL,"UFA",NULL,NULL,NULL,NULL,NULL,"203526"
"460","Reggie Bullock","G","F","UFA",NULL,NULL,NULL,NULL,NULL,"203493"
"461","Reggie Jackson","G",NULL,"UFA",NULL,NULL,NULL,NULL,NULL,"202704"
"462","Richaun Holmes","F",NULL,"UFA",NULL,NULL,NULL,NULL,NULL,"1626158"
"463","Ricky Rubio","G",NULL,"UFA",NULL,NULL,NULL,NULL,NULL,"201937"
"464","Robert Covington","F",NULL,"UFA",NULL,NULL,NULL,NULL,NULL,"203496"
"465","Robert Williams III","C","F","UFA",NULL,NULL,NULL,NULL,NULL,"1629057"
"466","Robert Woodard II","F",NULL,"UFA",NULL,NULL,NULL,NULL,NULL,"1630218"
"467","Robin Lopez","C",NULL,"UFA",NULL,NULL,NULL,NULL,NULL,"201577"
"468","Rodney Hood","G","F","UFA",NULL,NULL,NULL,NULL,NULL,"203918"
"469","Rodney McGruder","G",NULL,"UFA",NULL,NULL,NULL,NULL,NULL,"203585"
"470","Romeo Langford","G","F","UFA",NULL,NULL,NULL,NULL,NULL,"1629641"
"471","Royce O'Neale","F",NULL,"UFA",NULL,NULL,NULL,NULL,NULL,"1626220"
"472","Rudy Gay","F","G","UFA",NULL,NULL,NULL,NULL,NULL,"200752"
"473","Rudy Gobert","C",NULL,"UFA",NULL,NULL,NULL,NULL,NULL,"203497"
"474","Rui Hachimura","F",NULL,"UFA",NULL,NULL,NULL,NULL,NULL,"1629060"
"475","Russell Westbrook","G",NULL,"UFA",NULL,NULL,NULL,NULL,NULL,"201566"
"476","Ryan Arcidiacono","G",NULL,"UFA",NULL,NULL,NULL,NULL,NULL,"1627853"
"477","Ryan Rollins","G",NULL,"UFA",NULL,NULL,NULL,NULL,NULL,"1631157"
"478","Saben Lee","G",NULL,"UFA",NULL,NULL,NULL,NULL,NULL,"1630240"
"479","Saddiq Bey","F",NULL,"UFA",NULL,NULL,NULL,NULL,NULL,"1630180"
"480","Sam Hauser","F",NULL,"UFA",NULL,NULL,NULL,NULL,NULL,"1630573"
"481","Sandro Mamukelashvili","F","C","UFA",NULL,NULL,NULL,NULL,NULL,"1630572"
"482","Santi Aldama","F","C","UFA",NULL,NULL,NULL,NULL,NULL,"1630583"
"483","Scottie Barnes","F",NULL,"UFA",NULL,NULL,NULL,NULL,NULL,"1630567"
"484","Scottie Lewis","G",NULL,"UFA",NULL,NULL,NULL,NULL,NULL,"1630575"
"485","Scotty Pippen Jr.","G",NULL,"UFA",NULL,NULL,NULL,NULL,NULL,"1630590"
"486","Serge Ibaka","F",NULL,"UFA",NULL,NULL,NULL,NULL,NULL,"201586"
"487","Seth Curry","G",NULL,"UFA",NULL,NULL,NULL,NULL,NULL,"203552"
"488","Shaedon Sharpe","G",NULL,"UFA",NULL,NULL,NULL,NULL,NULL,"1631101"
"489","Shai Gilgeous-Alexander","G",NULL,"UFA",NULL,NULL,NULL,NULL,NULL,"1628983"
"490","Shake Milton","G","F","UFA",NULL,NULL,NULL,NULL,NULL,"1629003"
"491","Sharife Cooper","G",NULL,"UFA",NULL,NULL,NULL,NULL,NULL,"1630536"
"492","Skylar Mays","G",NULL,"UFA",NULL,NULL,NULL,NULL,NULL,"1630219"
"493","Spencer Dinwiddie","G",NULL,"UFA",NULL,NULL,NULL,NULL,NULL,"203915"
"494","Stanley Johnson","F","G","UFA",NULL,NULL,NULL,NULL,NULL,"1626169"
"495","Stephen Curry","G",NULL,"UFA",NULL,NULL,NULL,NULL,NULL,"201939"
"496","Sterling Brown","G","F","UFA",NULL,NULL,NULL,NULL,NULL,"1628425"
"497","Steven Adams","C",NULL,"UFA",NULL,NULL,NULL,NULL,NULL,"203500"
"498","Svi Mykhailiuk","G","F","UFA",NULL,NULL,NULL,NULL,NULL,"1629004"
"499","T.J. McConnell","G",NULL,"UFA",NULL,NULL,NULL,NULL,NULL,"204456"
"500","T.J. Warren","F",NULL,"UFA",NULL,NULL,NULL,NULL,NULL,"203933"
"501","Taj Gibson","F",NULL,"UFA",NULL,NULL,NULL,NULL,NULL,"201959"
"502","Talen Horton-Tucker","G",NULL,"UFA",NULL,NULL,NULL,NULL,NULL,"1629659"
"503","Tari Eason","F",NULL,"UFA",NULL,NULL,NULL,NULL,NULL,"1631106"
"504","Taurean Prince","F",NULL,"UFA",NULL,NULL,NULL,NULL,NULL,"1627752"
"505","Terance Mann","G","F","UFA",NULL,NULL,NULL,NULL,NULL,"1629611"
"506","Terence Davis","G",NULL,"UFA",NULL,NULL,NULL,NULL,NULL,"1629056"
"507","Terrence Ross","G","F","UFA",NULL,NULL,NULL,NULL,NULL,"203082"
"508","Terry Rozier","G",NULL,"UFA",NULL,NULL,NULL,NULL,NULL,"1626179"
"509","Terry Taylor","F",NULL,"UFA",NULL,NULL,NULL,NULL,NULL,"1630678"
"510","Thaddeus Young","F",NULL,"UFA",NULL,NULL,NULL,NULL,NULL,"201152"
"511","Thanasis Antetokounmpo","F",NULL,"UFA",NULL,NULL,NULL,NULL,NULL,"203648"
"512","Theo Maledon","G",NULL,"UFA",NULL,NULL,NULL,NULL,NULL,"1630177"
"513","Theo Pinson","G","F","UFA",NULL,NULL,NULL,NULL,NULL,"1629033"
"514","Thomas Bryant","C","F","UFA",NULL,NULL,NULL,NULL,NULL,"1628418"
"515","Tim Hardaway Jr.","G","F","UFA",NULL,NULL,NULL,NULL,NULL,"203501"
"516","Timothe Luwawu-Cabarrot","G","F","UFA",NULL,NULL,NULL,NULL,NULL,"1627789"
"517","Tobias Harris","F",NULL,"UFA",NULL,NULL,NULL,NULL,NULL,"202699"
"518","Tomas Satoransky","G",NULL,"UFA",NULL,NULL,NULL,NULL,NULL,"203107"
"519","Tony Bradley","C","F","UFA",NULL,NULL,NULL,NULL,NULL,"1628396"
"520","Tony Snell","G",NULL,"UFA",NULL,NULL,NULL,NULL,NULL,"203503"
"521","Torrey Craig","F",NULL,"UFA",NULL,NULL,NULL,NULL,NULL,"1628470"
"522","Trae Young","G",NULL,"UFA",NULL,NULL,NULL,NULL,NULL,"1629027"
"523","Tre Jones","G",NULL,"UFA",NULL,NULL,NULL,NULL,NULL,"1630200"
"524","Tre Mann","G",NULL,"UFA",NULL,NULL,NULL,NULL,NULL,"1630544"
"525","Trendon Watford","F",NULL,"UFA",NULL,NULL,NULL,NULL,NULL,"1630570"
"526","Trent Forrest","G",NULL,"UFA",NULL,NULL,NULL,NULL,NULL,"1630235"
"527","Trevelin Queen","G",NULL,"UFA",NULL,NULL,NULL,NULL,NULL,"1630243"
"528","Trevor Hudgins","G",NULL,"UFA",NULL,NULL,NULL,NULL,NULL,"1631309"
"529","Trevor Keels","G",NULL,"UFA",NULL,NULL,NULL,NULL,NULL,"1631211"
"530","Trey Burke","G",NULL,"UFA",NULL,NULL,NULL,NULL,NULL,"203504"
"531","Trey Lyles","F",NULL,"UFA",NULL,NULL,NULL,NULL,NULL,"1626168"
"532","Trey Murphy III","F",NULL,"UFA",NULL,NULL,NULL,NULL,NULL,"1630530"
"533","Tristan Thompson","C","F","UFA",NULL,NULL,NULL,NULL,NULL,"202684"
"534","Troy Brown Jr.","G","F","UFA",NULL,NULL,NULL,NULL,NULL,"1628972"
"535","Ty Jerome","G","F","UFA",NULL,NULL,NULL,NULL,NULL,"1629660"
"536","TyTy Washington Jr.","G",NULL,"UFA",NULL,NULL,NULL,NULL,NULL,"1631102"
"537","Tyler Cook","F",NULL,"UFA",NULL,NULL,NULL,NULL,NULL,"1629076"
"538","Tyler Herro","G",NULL,"UFA",NULL,NULL,NULL,NULL,NULL,"1629639"
"539","Tyrese Haliburton","G",NULL,"UFA",NULL,NULL,NULL,NULL,NULL,"1630169"
"540","Tyrese Martin","G",NULL,"UFA",NULL,NULL,NULL,NULL,NULL,"1631213"
"541","Tyrese Maxey","G",NULL,"UFA",NULL,NULL,NULL,NULL,NULL,"1630178"
"542","Tyus Jones","G",NULL,"UFA",NULL,NULL,NULL,NULL,NULL,"1626145"
"543","Udoka Azubuike","C","F","UFA",NULL,NULL,NULL,NULL,NULL,"1628962"
"544","Udonis Haslem","F",NULL,"UFA",NULL,NULL,NULL,NULL,NULL,"2617"
"545","Usman Garuba","F",NULL,"UFA",NULL,NULL,NULL,NULL,NULL,"1630586"
"546","Vernon Carey Jr.","F","C","UFA",NULL,NULL,NULL,NULL,NULL,"1630176"
"547","Victor Oladipo","G",NULL,"UFA",NULL,NULL,NULL,NULL,NULL,"203506"
"548","Vince Williams Jr.","G",NULL,"UFA",NULL,NULL,NULL,NULL,NULL,"1631246"
"549","Vit Krejci","G",NULL,"UFA",NULL,NULL,NULL,NULL,NULL,"1630249"
"550","Vlatko Cancar","F",NULL,"UFA",NULL,NULL,NULL,NULL,NULL,"1628427"
"551","Walker Kessler","C",NULL,"UFA",NULL,NULL,NULL,NULL,NULL,"1631117"
"552","Wayne Ellington","G",NULL,"UFA",NULL,NULL,NULL,NULL,NULL,"201961"
"553","Wendell Carter Jr.","C","F","UFA",NULL,NULL,NULL,NULL,NULL,"1628976"
"554","Wendell Moore Jr.","G",NULL,"UFA",NULL,NULL,NULL,NULL,NULL,"1631111"
"555","Wenyen Gabriel","F",NULL,"UFA",NULL,NULL,NULL,NULL,NULL,"1629117"
"556","Wesley Matthews","G",NULL,"UFA",NULL,NULL,NULL,NULL,NULL,"202083"
"557","Will Barton","G",NULL,"UFA",NULL,NULL,NULL,NULL,NULL,"203115"
"558","Willy Hernangomez","C","F","UFA",NULL,NULL,NULL,NULL,NULL,"1626195"
"559","Xavier Moon","G",NULL,"UFA",NULL,NULL,NULL,NULL,NULL,"1629875"
"560","Xavier Sneed","F",NULL,"UFA",NULL,NULL,NULL,NULL,NULL,"1630270"
"561","Xavier Tillman Sr.","F",NULL,"UFA",NULL,NULL,NULL,NULL,NULL,"1630214"
"562","Yannick Nzosa","C",NULL,"UFA",NULL,NULL,NULL,NULL,NULL,"1631161"
"563","Yuta Watanabe","G","F","UFA",NULL,NULL,NULL,NULL,NULL,"1629139"
"564","Yves Pons","F",NULL,"UFA",NULL,NULL,NULL,NULL,NULL,"1630582"
"565","Zach Collins","F","C","UFA",NULL,NULL,NULL,NULL,NULL,"1628380"
"566","Zach LaVine","G","F","UFA",NULL,NULL,NULL,NULL,NULL,"203897"
"567","Zeke Nnaji","F","C","UFA",NULL,NULL,NULL,NULL,NULL,"1630192"
"568","Ziaire Williams","F",NULL,"UFA",NULL,NULL,NULL,NULL,NULL,"1630533"
"569","Zion Williamson","F",NULL,"UFA",NULL,NULL,NULL,NULL,NULL,"1629627"
